{"cameraMode":{"drawMode":0,"name":"Shaded","section":"Shading Mode"},"sceneLighting":false,"audioPlay":false,"sceneViewState":{"showFog":true,"showMaterialUpdate":true,"showSkybox":true,"showFlares":true,"showImageEffects":true,"showParticleSystems":true},"in2DMode":false,"pivot":{"x":-15.943245887756348,"y":2.516989231109619,"z":-0.16533756256103517},"rotation":{"x":-0.03564053401350975,"y":0.6582015752792358,"z":-0.031221723183989526,"w":-0.7513492703437805},"size":15.30945110321045,"orthographic":false}