{"cameraMode":{"drawMode":0,"name":"Shaded","section":"Shading Mode"},"sceneLighting":false,"audioPlay":false,"sceneViewState":{"showFog":true,"showMaterialUpdate":true,"showSkybox":true,"showFlares":true,"showImageEffects":true,"showParticleSystems":true},"in2DMode":false,"pivot":{"x":-19.243148803710939,"y":0.0498199462890625,"z":5.2998528480529789},"rotation":{"x":0.12982714176177979,"y":-0.4330788850784302,"z":0.06319458782672882,"w":0.8897157311439514},"size":14.80935001373291,"orthographic":false}