{"cameraMode":{"drawMode":0,"name":"Shaded","section":"Shading Mode"},"sceneLighting":false,"audioPlay":false,"sceneViewState":{"showFog":true,"showMaterialUpdate":true,"showSkybox":true,"showFlares":true,"showImageEffects":true,"showParticleSystems":true},"in2DMode":false,"pivot":{"x":-27.484477996826173,"y":-10.162273406982422,"z":56.419891357421878},"rotation":{"x":-0.09669273346662522,"y":0.27600979804992678,"z":-0.027919532731175424,"w":-0.9558711647987366},"size":76.16197204589844,"orthographic":false}