{"cameraMode":{"drawMode":0,"name":"Shaded","section":"Shading Mode"},"sceneLighting":false,"audioPlay":false,"sceneViewState":{"showFog":true,"showMaterialUpdate":true,"showSkybox":true,"showFlares":true,"showImageEffects":true,"showParticleSystems":true},"in2DMode":false,"pivot":{"x":-4.527048110961914,"y":1.8898626565933228,"z":1.4171271324157715},"rotation":{"x":-0.0048521291464567188,"y":-0.9843610525131226,"z":0.17394202947616578,"w":-0.02746068686246872},"size":5.209823131561279,"orthographic":false}