{"cameraMode":{"drawMode":0,"name":"Shaded","section":"Shading Mode"},"sceneLighting":false,"audioPlay":false,"sceneViewState":{"showFog":true,"showMaterialUpdate":true,"showSkybox":true,"showFlares":true,"showImageEffects":true,"showParticleSystems":true},"in2DMode":false,"pivot":{"x":-8.86108684539795,"y":1.9407315254211426,"z":-1.3813610076904297},"rotation":{"x":0.10076699405908585,"y":-0.428213894367218,"z":0.048117879778146747,"w":0.8967517018318176},"size":9.381537437438965,"orthographic":false}