{"cameraMode":{"drawMode":0,"name":"Shaded","section":"Shading Mode"},"sceneLighting":false,"audioPlay":false,"sceneViewState":{"showFog":true,"showMaterialUpdate":true,"showSkybox":true,"showFlares":true,"showImageEffects":true,"showParticleSystems":true},"in2DMode":false,"pivot":{"x":-24.715652465820314,"y":0.7827091217041016,"z":-8.641650199890137},"rotation":{"x":0.05582913011312485,"y":-0.7998716831207275,"z":0.07532995194196701,"w":0.5928016901016235},"size":28.854122161865236,"orthographic":false}