{"cameraMode":{"drawMode":0,"name":"Shaded","section":"Shading Mode"},"sceneLighting":false,"audioPlay":false,"sceneViewState":{"showFog":true,"showMaterialUpdate":true,"showSkybox":true,"showFlares":true,"showImageEffects":true,"showParticleSystems":true},"in2DMode":false,"pivot":{"x":-29.994993209838868,"y":-6.132296085357666,"z":57.01939392089844},"rotation":{"x":-0.08800919353961945,"y":0.2791184186935425,"z":-0.025698494166135789,"w":-0.955869734287262},"size":60.65605163574219,"orthographic":false}